[
  {
    "protocol": "http://",
    "address": "125.88.182.172",
    "port": "5880",
    "ping": 500
  },
  {
    "protocol": "http://",
    "address": "103.224.251.67",
    "port": "80",
    "ping": 500
  },
  {
    "protocol": "http://",
    "address": "183.235.223.101",
    "port": "3389",
    "ping": 500
  },
  {
    "protocol": "http://",
    "address": "119.188.210.21",
    "port": "5880",
    "ping": 500
  },
  {
    "protocol": "http://",
    "address": "45.76.53.20",
    "port": "80",
    "ping": 500
  },
  {
    "protocol": "http://",
    "address": "120.206.184.160",
    "port": "5880",
    "ping": 500
  },
  {
    "protocol": "http://",
    "address": "113.107.111.78",
    "port": "5880",
    "ping": 500
  },
  {
    "protocol": "http://",
    "address": "45.32.116.160",
    "port": "80",
    "ping": 500
  },
  {
    "protocol": "http://",
    "address": "128.1.164.196",
    "port": "80",
    "ping": 500
  }
]
